{"precision": 0.6, "recall": 0.375, "Number of predicted edges": 5, "Number of true edges": 8, "F_score": 0.4615384615384615, "SID": "Not a DAG", "Is true graph a DAG?": true, "Is estimated graph a DAG?": true, "NHD": 0.19444444444444445, "REFERENCE NHD": 0.3611111111111111, "RATIO": 0.5384615384615384, "accuracy": 0.3}